{
  "status": "controlled_semantic_steering_active",
  "best": {
    "valid": true,
    "entropy": 3.218875799868201,
    "bytes": 25,
    "length": 27,
    "unique_ratio": 1.0,
    "max_token_fraction": 0.04,
    "score": 5.3906878999341
  },
  "controlled_best": {
    "valid": true,
    "entropy": 3.1634240264234053,
    "bytes": 25,
    "length": 27,
    "unique_ratio": 1.0,
    "max_token_fraction": 0.04,
    "score": 4.651629558628987,
    "role_hist": [
      0.07407407407407407,
      0.0,
      0.1111111111111111,
      0.07407407407407407,
      0.07407407407407407,
      0.07407407407407407,
      0.037037037037037035,
      0.07407407407407407,
      0.07407407407407407,
      0.07407407407407407,
      0.07407407407407407,
      0.07407407407407407,
      0.037037037037037035,
      0.037037037037037035,
      0.037037037037037035,
      0.07407407407407407
    ],
    "role_loss": 0.5179084281593092,
    "entropy_loss": 0.16342402642340526,
    "length_loss": 0.03
  }
}